cohort_definition_id,age_group,sex,days_prior_history,start_date,end_date,strata_cohort_definition_id,strata_cohort_name,number_records,number_subjects,reason_id,reason,excluded_records,excluded_subjects
1,0;19,Both,365,2019-01-01,2022-06-01,2,malaria,12,12,1,Starting population,NA,NA
1,0;19,Both,365,2019-01-01,2022-06-01,2,malaria,12,12,2,Missing year of birth,0,0
1,0;19,Both,365,2019-01-01,2022-06-01,2,malaria,12,12,3,Missing sex,0,0
1,0;19,Both,365,2019-01-01,2022-06-01,2,malaria,12,12,4,Cannot satisfy age criteria during the study period based on year of birth,0,0
1,0;19,Both,365,2019-01-01,2022-06-01,2,malaria,7,7,5,No observation time available during study period,5,5
1,0;19,Both,365,2019-01-01,2022-06-01,2,malaria,7,7,6,Doesn't satisfy age criteria during the study period,0,0
1,0;19,Both,365,2019-01-01,2022-06-01,2,malaria,5,5,7,Prior history requirement not fulfilled during study period,2,2
1,0;19,Both,365,2019-01-01,2022-06-01,2,malaria,0,0,10,No observation time available after applying age and prior history criteria,5,5
2,0;19,Female,365,2019-01-01,2022-06-01,2,malaria,12,12,1,Starting population,NA,NA
2,0;19,Female,365,2019-01-01,2022-06-01,2,malaria,12,12,2,Missing year of birth,0,0
2,0;19,Female,365,2019-01-01,2022-06-01,2,malaria,12,12,3,Missing sex,0,0
2,0;19,Female,365,2019-01-01,2022-06-01,2,malaria,12,12,4,Cannot satisfy age criteria during the study period based on year of birth,0,0
2,0;19,Female,365,2019-01-01,2022-06-01,2,malaria,7,7,5,No observation time available during study period,5,5
2,0;19,Female,365,2019-01-01,2022-06-01,2,malaria,7,7,6,Doesn't satisfy age criteria during the study period,0,0
2,0;19,Female,365,2019-01-01,2022-06-01,2,malaria,5,5,7,Prior history requirement not fulfilled during study period,2,2
2,0;19,Female,365,2019-01-01,2022-06-01,2,malaria,3,3,8,Not Female,2,2
2,0;19,Female,365,2019-01-01,2022-06-01,2,malaria,0,0,10,No observation time available after applying age and prior history criteria,3,3
3,0;19,Male,365,2019-01-01,2022-06-01,2,malaria,12,12,1,Starting population,NA,NA
3,0;19,Male,365,2019-01-01,2022-06-01,2,malaria,12,12,2,Missing year of birth,0,0
3,0;19,Male,365,2019-01-01,2022-06-01,2,malaria,12,12,3,Missing sex,0,0
3,0;19,Male,365,2019-01-01,2022-06-01,2,malaria,12,12,4,Cannot satisfy age criteria during the study period based on year of birth,0,0
3,0;19,Male,365,2019-01-01,2022-06-01,2,malaria,7,7,5,No observation time available during study period,5,5
3,0;19,Male,365,2019-01-01,2022-06-01,2,malaria,7,7,6,Doesn't satisfy age criteria during the study period,0,0
3,0;19,Male,365,2019-01-01,2022-06-01,2,malaria,5,5,7,Prior history requirement not fulfilled during study period,2,2
3,0;19,Male,365,2019-01-01,2022-06-01,2,malaria,2,2,8,Not Male,3,3
3,0;19,Male,365,2019-01-01,2022-06-01,2,malaria,0,0,10,No observation time available after applying age and prior history criteria,2,2
4,20;39,Both,365,2019-01-01,2022-06-01,2,malaria,12,12,1,Starting population,NA,NA
4,20;39,Both,365,2019-01-01,2022-06-01,2,malaria,12,12,2,Missing year of birth,0,0
4,20;39,Both,365,2019-01-01,2022-06-01,2,malaria,12,12,3,Missing sex,0,0
4,20;39,Both,365,2019-01-01,2022-06-01,2,malaria,12,12,4,Cannot satisfy age criteria during the study period based on year of birth,0,0
4,20;39,Both,365,2019-01-01,2022-06-01,2,malaria,7,7,5,No observation time available during study period,5,5
4,20;39,Both,365,2019-01-01,2022-06-01,2,malaria,7,7,6,Doesn't satisfy age criteria during the study period,0,0
4,20;39,Both,365,2019-01-01,2022-06-01,2,malaria,5,5,7,Prior history requirement not fulfilled during study period,2,2
4,20;39,Both,365,2019-01-01,2022-06-01,2,malaria,0,0,10,No observation time available after applying age and prior history criteria,5,5
5,20;39,Female,365,2019-01-01,2022-06-01,2,malaria,12,12,1,Starting population,NA,NA
5,20;39,Female,365,2019-01-01,2022-06-01,2,malaria,12,12,2,Missing year of birth,0,0
5,20;39,Female,365,2019-01-01,2022-06-01,2,malaria,12,12,3,Missing sex,0,0
5,20;39,Female,365,2019-01-01,2022-06-01,2,malaria,12,12,4,Cannot satisfy age criteria during the study period based on year of birth,0,0
5,20;39,Female,365,2019-01-01,2022-06-01,2,malaria,7,7,5,No observation time available during study period,5,5
5,20;39,Female,365,2019-01-01,2022-06-01,2,malaria,7,7,6,Doesn't satisfy age criteria during the study period,0,0
5,20;39,Female,365,2019-01-01,2022-06-01,2,malaria,5,5,7,Prior history requirement not fulfilled during study period,2,2
5,20;39,Female,365,2019-01-01,2022-06-01,2,malaria,3,3,8,Not Female,2,2
5,20;39,Female,365,2019-01-01,2022-06-01,2,malaria,0,0,10,No observation time available after applying age and prior history criteria,3,3
6,20;39,Male,365,2019-01-01,2022-06-01,2,malaria,12,12,1,Starting population,NA,NA
6,20;39,Male,365,2019-01-01,2022-06-01,2,malaria,12,12,2,Missing year of birth,0,0
6,20;39,Male,365,2019-01-01,2022-06-01,2,malaria,12,12,3,Missing sex,0,0
6,20;39,Male,365,2019-01-01,2022-06-01,2,malaria,12,12,4,Cannot satisfy age criteria during the study period based on year of birth,0,0
6,20;39,Male,365,2019-01-01,2022-06-01,2,malaria,7,7,5,No observation time available during study period,5,5
6,20;39,Male,365,2019-01-01,2022-06-01,2,malaria,7,7,6,Doesn't satisfy age criteria during the study period,0,0
6,20;39,Male,365,2019-01-01,2022-06-01,2,malaria,5,5,7,Prior history requirement not fulfilled during study period,2,2
6,20;39,Male,365,2019-01-01,2022-06-01,2,malaria,2,2,8,Not Male,3,3
6,20;39,Male,365,2019-01-01,2022-06-01,2,malaria,0,0,10,No observation time available after applying age and prior history criteria,2,2
7,40;59,Both,365,2019-01-01,2022-06-01,2,malaria,12,12,1,Starting population,NA,NA
7,40;59,Both,365,2019-01-01,2022-06-01,2,malaria,12,12,2,Missing year of birth,0,0
7,40;59,Both,365,2019-01-01,2022-06-01,2,malaria,12,12,3,Missing sex,0,0
7,40;59,Both,365,2019-01-01,2022-06-01,2,malaria,12,12,4,Cannot satisfy age criteria during the study period based on year of birth,0,0
7,40;59,Both,365,2019-01-01,2022-06-01,2,malaria,7,7,5,No observation time available during study period,5,5
7,40;59,Both,365,2019-01-01,2022-06-01,2,malaria,7,7,6,Doesn't satisfy age criteria during the study period,0,0
7,40;59,Both,365,2019-01-01,2022-06-01,2,malaria,5,5,7,Prior history requirement not fulfilled during study period,2,2
7,40;59,Both,365,2019-01-01,2022-06-01,2,malaria,2,2,10,No observation time available after applying age and prior history criteria,3,3
8,40;59,Female,365,2019-01-01,2022-06-01,2,malaria,12,12,1,Starting population,NA,NA
8,40;59,Female,365,2019-01-01,2022-06-01,2,malaria,12,12,2,Missing year of birth,0,0
8,40;59,Female,365,2019-01-01,2022-06-01,2,malaria,12,12,3,Missing sex,0,0
8,40;59,Female,365,2019-01-01,2022-06-01,2,malaria,12,12,4,Cannot satisfy age criteria during the study period based on year of birth,0,0
8,40;59,Female,365,2019-01-01,2022-06-01,2,malaria,7,7,5,No observation time available during study period,5,5
8,40;59,Female,365,2019-01-01,2022-06-01,2,malaria,7,7,6,Doesn't satisfy age criteria during the study period,0,0
8,40;59,Female,365,2019-01-01,2022-06-01,2,malaria,5,5,7,Prior history requirement not fulfilled during study period,2,2
8,40;59,Female,365,2019-01-01,2022-06-01,2,malaria,3,3,8,Not Female,2,2
8,40;59,Female,365,2019-01-01,2022-06-01,2,malaria,2,2,10,No observation time available after applying age and prior history criteria,1,1
9,40;59,Male,365,2019-01-01,2022-06-01,2,malaria,12,12,1,Starting population,NA,NA
9,40;59,Male,365,2019-01-01,2022-06-01,2,malaria,12,12,2,Missing year of birth,0,0
9,40;59,Male,365,2019-01-01,2022-06-01,2,malaria,12,12,3,Missing sex,0,0
9,40;59,Male,365,2019-01-01,2022-06-01,2,malaria,12,12,4,Cannot satisfy age criteria during the study period based on year of birth,0,0
9,40;59,Male,365,2019-01-01,2022-06-01,2,malaria,7,7,5,No observation time available during study period,5,5
9,40;59,Male,365,2019-01-01,2022-06-01,2,malaria,7,7,6,Doesn't satisfy age criteria during the study period,0,0
9,40;59,Male,365,2019-01-01,2022-06-01,2,malaria,5,5,7,Prior history requirement not fulfilled during study period,2,2
9,40;59,Male,365,2019-01-01,2022-06-01,2,malaria,2,2,8,Not Male,3,3
9,40;59,Male,365,2019-01-01,2022-06-01,2,malaria,0,0,10,No observation time available after applying age and prior history criteria,2,2
10,60;79,Both,365,2019-01-01,2022-06-01,2,malaria,12,12,1,Starting population,NA,NA
10,60;79,Both,365,2019-01-01,2022-06-01,2,malaria,12,12,2,Missing year of birth,0,0
10,60;79,Both,365,2019-01-01,2022-06-01,2,malaria,12,12,3,Missing sex,0,0
10,60;79,Both,365,2019-01-01,2022-06-01,2,malaria,12,12,4,Cannot satisfy age criteria during the study period based on year of birth,0,0
10,60;79,Both,365,2019-01-01,2022-06-01,2,malaria,7,7,5,No observation time available during study period,5,5
10,60;79,Both,365,2019-01-01,2022-06-01,2,malaria,7,7,6,Doesn't satisfy age criteria during the study period,0,0
10,60;79,Both,365,2019-01-01,2022-06-01,2,malaria,5,5,7,Prior history requirement not fulfilled during study period,2,2
10,60;79,Both,365,2019-01-01,2022-06-01,2,malaria,4,4,10,No observation time available after applying age and prior history criteria,1,1
11,60;79,Female,365,2019-01-01,2022-06-01,2,malaria,12,12,1,Starting population,NA,NA
11,60;79,Female,365,2019-01-01,2022-06-01,2,malaria,12,12,2,Missing year of birth,0,0
11,60;79,Female,365,2019-01-01,2022-06-01,2,malaria,12,12,3,Missing sex,0,0
11,60;79,Female,365,2019-01-01,2022-06-01,2,malaria,12,12,4,Cannot satisfy age criteria during the study period based on year of birth,0,0
11,60;79,Female,365,2019-01-01,2022-06-01,2,malaria,7,7,5,No observation time available during study period,5,5
11,60;79,Female,365,2019-01-01,2022-06-01,2,malaria,7,7,6,Doesn't satisfy age criteria during the study period,0,0
11,60;79,Female,365,2019-01-01,2022-06-01,2,malaria,5,5,7,Prior history requirement not fulfilled during study period,2,2
11,60;79,Female,365,2019-01-01,2022-06-01,2,malaria,3,3,8,Not Female,2,2
11,60;79,Female,365,2019-01-01,2022-06-01,2,malaria,2,2,10,No observation time available after applying age and prior history criteria,1,1
12,60;79,Male,365,2019-01-01,2022-06-01,2,malaria,12,12,1,Starting population,NA,NA
12,60;79,Male,365,2019-01-01,2022-06-01,2,malaria,12,12,2,Missing year of birth,0,0
12,60;79,Male,365,2019-01-01,2022-06-01,2,malaria,12,12,3,Missing sex,0,0
12,60;79,Male,365,2019-01-01,2022-06-01,2,malaria,12,12,4,Cannot satisfy age criteria during the study period based on year of birth,0,0
12,60;79,Male,365,2019-01-01,2022-06-01,2,malaria,7,7,5,No observation time available during study period,5,5
12,60;79,Male,365,2019-01-01,2022-06-01,2,malaria,7,7,6,Doesn't satisfy age criteria during the study period,0,0
12,60;79,Male,365,2019-01-01,2022-06-01,2,malaria,5,5,7,Prior history requirement not fulfilled during study period,2,2
12,60;79,Male,365,2019-01-01,2022-06-01,2,malaria,2,2,8,Not Male,3,3
12,60;79,Male,365,2019-01-01,2022-06-01,2,malaria,2,2,10,No observation time available after applying age and prior history criteria,0,0
13,80;150,Both,365,2019-01-01,2022-06-01,2,malaria,12,12,1,Starting population,NA,NA
13,80;150,Both,365,2019-01-01,2022-06-01,2,malaria,12,12,2,Missing year of birth,0,0
13,80;150,Both,365,2019-01-01,2022-06-01,2,malaria,12,12,3,Missing sex,0,0
13,80;150,Both,365,2019-01-01,2022-06-01,2,malaria,12,12,4,Cannot satisfy age criteria during the study period based on year of birth,0,0
13,80;150,Both,365,2019-01-01,2022-06-01,2,malaria,7,7,5,No observation time available during study period,5,5
13,80;150,Both,365,2019-01-01,2022-06-01,2,malaria,7,7,6,Doesn't satisfy age criteria during the study period,0,0
13,80;150,Both,365,2019-01-01,2022-06-01,2,malaria,5,5,7,Prior history requirement not fulfilled during study period,2,2
13,80;150,Both,365,2019-01-01,2022-06-01,2,malaria,0,0,10,No observation time available after applying age and prior history criteria,5,5
14,80;150,Female,365,2019-01-01,2022-06-01,2,malaria,12,12,1,Starting population,NA,NA
14,80;150,Female,365,2019-01-01,2022-06-01,2,malaria,12,12,2,Missing year of birth,0,0
14,80;150,Female,365,2019-01-01,2022-06-01,2,malaria,12,12,3,Missing sex,0,0
14,80;150,Female,365,2019-01-01,2022-06-01,2,malaria,12,12,4,Cannot satisfy age criteria during the study period based on year of birth,0,0
14,80;150,Female,365,2019-01-01,2022-06-01,2,malaria,7,7,5,No observation time available during study period,5,5
14,80;150,Female,365,2019-01-01,2022-06-01,2,malaria,7,7,6,Doesn't satisfy age criteria during the study period,0,0
14,80;150,Female,365,2019-01-01,2022-06-01,2,malaria,5,5,7,Prior history requirement not fulfilled during study period,2,2
14,80;150,Female,365,2019-01-01,2022-06-01,2,malaria,3,3,8,Not Female,2,2
14,80;150,Female,365,2019-01-01,2022-06-01,2,malaria,0,0,10,No observation time available after applying age and prior history criteria,3,3
15,80;150,Male,365,2019-01-01,2022-06-01,2,malaria,12,12,1,Starting population,NA,NA
15,80;150,Male,365,2019-01-01,2022-06-01,2,malaria,12,12,2,Missing year of birth,0,0
15,80;150,Male,365,2019-01-01,2022-06-01,2,malaria,12,12,3,Missing sex,0,0
15,80;150,Male,365,2019-01-01,2022-06-01,2,malaria,12,12,4,Cannot satisfy age criteria during the study period based on year of birth,0,0
15,80;150,Male,365,2019-01-01,2022-06-01,2,malaria,7,7,5,No observation time available during study period,5,5
15,80;150,Male,365,2019-01-01,2022-06-01,2,malaria,7,7,6,Doesn't satisfy age criteria during the study period,0,0
15,80;150,Male,365,2019-01-01,2022-06-01,2,malaria,5,5,7,Prior history requirement not fulfilled during study period,2,2
15,80;150,Male,365,2019-01-01,2022-06-01,2,malaria,2,2,8,Not Male,3,3
15,80;150,Male,365,2019-01-01,2022-06-01,2,malaria,0,0,10,No observation time available after applying age and prior history criteria,2,2
16,0;150,Both,365,2019-01-01,2022-06-01,2,malaria,12,12,1,Starting population,NA,NA
16,0;150,Both,365,2019-01-01,2022-06-01,2,malaria,12,12,2,Missing year of birth,0,0
16,0;150,Both,365,2019-01-01,2022-06-01,2,malaria,12,12,3,Missing sex,0,0
16,0;150,Both,365,2019-01-01,2022-06-01,2,malaria,12,12,4,Cannot satisfy age criteria during the study period based on year of birth,0,0
16,0;150,Both,365,2019-01-01,2022-06-01,2,malaria,7,7,5,No observation time available during study period,5,5
16,0;150,Both,365,2019-01-01,2022-06-01,2,malaria,7,7,6,Doesn't satisfy age criteria during the study period,0,0
16,0;150,Both,365,2019-01-01,2022-06-01,2,malaria,5,5,7,Prior history requirement not fulfilled during study period,2,2
16,0;150,Both,365,2019-01-01,2022-06-01,2,malaria,5,5,10,No observation time available after applying age and prior history criteria,0,0
17,0;150,Female,365,2019-01-01,2022-06-01,2,malaria,12,12,1,Starting population,NA,NA
17,0;150,Female,365,2019-01-01,2022-06-01,2,malaria,12,12,2,Missing year of birth,0,0
17,0;150,Female,365,2019-01-01,2022-06-01,2,malaria,12,12,3,Missing sex,0,0
17,0;150,Female,365,2019-01-01,2022-06-01,2,malaria,12,12,4,Cannot satisfy age criteria during the study period based on year of birth,0,0
17,0;150,Female,365,2019-01-01,2022-06-01,2,malaria,7,7,5,No observation time available during study period,5,5
17,0;150,Female,365,2019-01-01,2022-06-01,2,malaria,7,7,6,Doesn't satisfy age criteria during the study period,0,0
17,0;150,Female,365,2019-01-01,2022-06-01,2,malaria,5,5,7,Prior history requirement not fulfilled during study period,2,2
17,0;150,Female,365,2019-01-01,2022-06-01,2,malaria,3,3,8,Not Female,2,2
17,0;150,Female,365,2019-01-01,2022-06-01,2,malaria,3,3,10,No observation time available after applying age and prior history criteria,0,0
18,0;150,Male,365,2019-01-01,2022-06-01,2,malaria,12,12,1,Starting population,NA,NA
18,0;150,Male,365,2019-01-01,2022-06-01,2,malaria,12,12,2,Missing year of birth,0,0
18,0;150,Male,365,2019-01-01,2022-06-01,2,malaria,12,12,3,Missing sex,0,0
18,0;150,Male,365,2019-01-01,2022-06-01,2,malaria,12,12,4,Cannot satisfy age criteria during the study period based on year of birth,0,0
18,0;150,Male,365,2019-01-01,2022-06-01,2,malaria,7,7,5,No observation time available during study period,5,5
18,0;150,Male,365,2019-01-01,2022-06-01,2,malaria,7,7,6,Doesn't satisfy age criteria during the study period,0,0
18,0;150,Male,365,2019-01-01,2022-06-01,2,malaria,5,5,7,Prior history requirement not fulfilled during study period,2,2
18,0;150,Male,365,2019-01-01,2022-06-01,2,malaria,2,2,8,Not Male,3,3
18,0;150,Male,365,2019-01-01,2022-06-01,2,malaria,2,2,10,No observation time available after applying age and prior history criteria,0,0
