cohort_definition_id,summarise_mode,fixed_time,days_prior_history,gap_era,prior_use_washout,cohort_date_range_start,cohort_date_range_end,impute_duration,duration_range_min,duration_range_max,number_records,number_subjects,reason_id,reason,excluded_records,excluded_subjects
1,FirstEra,NA,365,30,365,2019-01-01,2022-06-01,eliminate,1,Inf,2537,381,1,Qualifying initial records,0,0
1,FirstEra,NA,365,30,365,2019-01-01,2022-06-01,eliminate,1,Inf,2537,381,2,Duration imputation; affected rows: 0,0,0
1,FirstEra,NA,365,30,365,2019-01-01,2022-06-01,eliminate,1,Inf,671,381,3,Join eras,1866,0
1,FirstEra,NA,365,30,365,2019-01-01,2022-06-01,eliminate,1,Inf,328,178,4,daysPriorHistory applied,343,203
1,FirstEra,NA,365,30,365,2019-01-01,2022-06-01,eliminate,1,Inf,181,178,5,priorUseWashout applied,147,0
1,FirstEra,NA,365,30,365,2019-01-01,2022-06-01,eliminate,1,Inf,151,150,6,cohort_start_date >= cohort_date_range_start,30,28
1,FirstEra,NA,365,30,365,2019-01-01,2022-06-01,eliminate,1,Inf,151,150,7,cohort_end_date <= cohort_date_range_end,0,0
1,FirstEra,NA,365,30,365,2019-01-01,2022-06-01,eliminate,1,Inf,150,150,8,summariseMode: FirstEra applied,1,0
