cohort_definition_id,age_group,sex,days_prior_history,start_date,end_date,strata_cohort_definition_id,strata_cohort_name,number_records,number_subjects,reason_id,reason,excluded_records,excluded_subjects
1,0;19,Both,365,2019-01-01,2022-06-01,1,covid,1595,1595,1,Starting population,NA,NA
1,0;19,Both,365,2019-01-01,2022-06-01,1,covid,1595,1595,2,Missing year of birth,0,0
1,0;19,Both,365,2019-01-01,2022-06-01,1,covid,1595,1595,3,Missing sex,0,0
1,0;19,Both,365,2019-01-01,2022-06-01,1,covid,1595,1595,4,Cannot satisfy age criteria during the study period based on year of birth,0,0
1,0;19,Both,365,2019-01-01,2022-06-01,1,covid,1583,1583,5,No observation time available during study period,12,12
1,0;19,Both,365,2019-01-01,2022-06-01,1,covid,1583,1583,6,Doesn't satisfy age criteria during the study period,0,0
1,0;19,Both,365,2019-01-01,2022-06-01,1,covid,463,463,7,Prior history requirement not fulfilled during study period,1120,1120
1,0;19,Both,365,2019-01-01,2022-06-01,1,covid,44,44,10,No observation time available after applying age and prior history criteria,419,419
2,0;19,Female,365,2019-01-01,2022-06-01,1,covid,1595,1595,1,Starting population,NA,NA
2,0;19,Female,365,2019-01-01,2022-06-01,1,covid,1595,1595,2,Missing year of birth,0,0
2,0;19,Female,365,2019-01-01,2022-06-01,1,covid,1595,1595,3,Missing sex,0,0
2,0;19,Female,365,2019-01-01,2022-06-01,1,covid,1595,1595,4,Cannot satisfy age criteria during the study period based on year of birth,0,0
2,0;19,Female,365,2019-01-01,2022-06-01,1,covid,1583,1583,5,No observation time available during study period,12,12
2,0;19,Female,365,2019-01-01,2022-06-01,1,covid,1583,1583,6,Doesn't satisfy age criteria during the study period,0,0
2,0;19,Female,365,2019-01-01,2022-06-01,1,covid,463,463,7,Prior history requirement not fulfilled during study period,1120,1120
2,0;19,Female,365,2019-01-01,2022-06-01,1,covid,244,244,8,Not Female,219,219
2,0;19,Female,365,2019-01-01,2022-06-01,1,covid,22,22,10,No observation time available after applying age and prior history criteria,222,222
3,0;19,Male,365,2019-01-01,2022-06-01,1,covid,1595,1595,1,Starting population,NA,NA
3,0;19,Male,365,2019-01-01,2022-06-01,1,covid,1595,1595,2,Missing year of birth,0,0
3,0;19,Male,365,2019-01-01,2022-06-01,1,covid,1595,1595,3,Missing sex,0,0
3,0;19,Male,365,2019-01-01,2022-06-01,1,covid,1595,1595,4,Cannot satisfy age criteria during the study period based on year of birth,0,0
3,0;19,Male,365,2019-01-01,2022-06-01,1,covid,1583,1583,5,No observation time available during study period,12,12
3,0;19,Male,365,2019-01-01,2022-06-01,1,covid,1583,1583,6,Doesn't satisfy age criteria during the study period,0,0
3,0;19,Male,365,2019-01-01,2022-06-01,1,covid,463,463,7,Prior history requirement not fulfilled during study period,1120,1120
3,0;19,Male,365,2019-01-01,2022-06-01,1,covid,219,219,8,Not Male,244,244
3,0;19,Male,365,2019-01-01,2022-06-01,1,covid,22,22,10,No observation time available after applying age and prior history criteria,197,197
4,20;39,Both,365,2019-01-01,2022-06-01,1,covid,1595,1595,1,Starting population,NA,NA
4,20;39,Both,365,2019-01-01,2022-06-01,1,covid,1595,1595,2,Missing year of birth,0,0
4,20;39,Both,365,2019-01-01,2022-06-01,1,covid,1595,1595,3,Missing sex,0,0
4,20;39,Both,365,2019-01-01,2022-06-01,1,covid,1595,1595,4,Cannot satisfy age criteria during the study period based on year of birth,0,0
4,20;39,Both,365,2019-01-01,2022-06-01,1,covid,1583,1583,5,No observation time available during study period,12,12
4,20;39,Both,365,2019-01-01,2022-06-01,1,covid,1583,1583,6,Doesn't satisfy age criteria during the study period,0,0
4,20;39,Both,365,2019-01-01,2022-06-01,1,covid,463,463,7,Prior history requirement not fulfilled during study period,1120,1120
4,20;39,Both,365,2019-01-01,2022-06-01,1,covid,99,99,10,No observation time available after applying age and prior history criteria,364,364
5,20;39,Female,365,2019-01-01,2022-06-01,1,covid,1595,1595,1,Starting population,NA,NA
5,20;39,Female,365,2019-01-01,2022-06-01,1,covid,1595,1595,2,Missing year of birth,0,0
5,20;39,Female,365,2019-01-01,2022-06-01,1,covid,1595,1595,3,Missing sex,0,0
5,20;39,Female,365,2019-01-01,2022-06-01,1,covid,1595,1595,4,Cannot satisfy age criteria during the study period based on year of birth,0,0
5,20;39,Female,365,2019-01-01,2022-06-01,1,covid,1583,1583,5,No observation time available during study period,12,12
5,20;39,Female,365,2019-01-01,2022-06-01,1,covid,1583,1583,6,Doesn't satisfy age criteria during the study period,0,0
5,20;39,Female,365,2019-01-01,2022-06-01,1,covid,463,463,7,Prior history requirement not fulfilled during study period,1120,1120
5,20;39,Female,365,2019-01-01,2022-06-01,1,covid,244,244,8,Not Female,219,219
5,20;39,Female,365,2019-01-01,2022-06-01,1,covid,51,51,10,No observation time available after applying age and prior history criteria,193,193
6,20;39,Male,365,2019-01-01,2022-06-01,1,covid,1595,1595,1,Starting population,NA,NA
6,20;39,Male,365,2019-01-01,2022-06-01,1,covid,1595,1595,2,Missing year of birth,0,0
6,20;39,Male,365,2019-01-01,2022-06-01,1,covid,1595,1595,3,Missing sex,0,0
6,20;39,Male,365,2019-01-01,2022-06-01,1,covid,1595,1595,4,Cannot satisfy age criteria during the study period based on year of birth,0,0
6,20;39,Male,365,2019-01-01,2022-06-01,1,covid,1583,1583,5,No observation time available during study period,12,12
6,20;39,Male,365,2019-01-01,2022-06-01,1,covid,1583,1583,6,Doesn't satisfy age criteria during the study period,0,0
6,20;39,Male,365,2019-01-01,2022-06-01,1,covid,463,463,7,Prior history requirement not fulfilled during study period,1120,1120
6,20;39,Male,365,2019-01-01,2022-06-01,1,covid,219,219,8,Not Male,244,244
6,20;39,Male,365,2019-01-01,2022-06-01,1,covid,48,48,10,No observation time available after applying age and prior history criteria,171,171
7,40;59,Both,365,2019-01-01,2022-06-01,1,covid,1595,1595,1,Starting population,NA,NA
7,40;59,Both,365,2019-01-01,2022-06-01,1,covid,1595,1595,2,Missing year of birth,0,0
7,40;59,Both,365,2019-01-01,2022-06-01,1,covid,1595,1595,3,Missing sex,0,0
7,40;59,Both,365,2019-01-01,2022-06-01,1,covid,1595,1595,4,Cannot satisfy age criteria during the study period based on year of birth,0,0
7,40;59,Both,365,2019-01-01,2022-06-01,1,covid,1583,1583,5,No observation time available during study period,12,12
7,40;59,Both,365,2019-01-01,2022-06-01,1,covid,1583,1583,6,Doesn't satisfy age criteria during the study period,0,0
7,40;59,Both,365,2019-01-01,2022-06-01,1,covid,463,463,7,Prior history requirement not fulfilled during study period,1120,1120
7,40;59,Both,365,2019-01-01,2022-06-01,1,covid,160,160,10,No observation time available after applying age and prior history criteria,303,303
8,40;59,Female,365,2019-01-01,2022-06-01,1,covid,1595,1595,1,Starting population,NA,NA
8,40;59,Female,365,2019-01-01,2022-06-01,1,covid,1595,1595,2,Missing year of birth,0,0
8,40;59,Female,365,2019-01-01,2022-06-01,1,covid,1595,1595,3,Missing sex,0,0
8,40;59,Female,365,2019-01-01,2022-06-01,1,covid,1595,1595,4,Cannot satisfy age criteria during the study period based on year of birth,0,0
8,40;59,Female,365,2019-01-01,2022-06-01,1,covid,1583,1583,5,No observation time available during study period,12,12
8,40;59,Female,365,2019-01-01,2022-06-01,1,covid,1583,1583,6,Doesn't satisfy age criteria during the study period,0,0
8,40;59,Female,365,2019-01-01,2022-06-01,1,covid,463,463,7,Prior history requirement not fulfilled during study period,1120,1120
8,40;59,Female,365,2019-01-01,2022-06-01,1,covid,244,244,8,Not Female,219,219
8,40;59,Female,365,2019-01-01,2022-06-01,1,covid,87,87,10,No observation time available after applying age and prior history criteria,157,157
9,40;59,Male,365,2019-01-01,2022-06-01,1,covid,1595,1595,1,Starting population,NA,NA
9,40;59,Male,365,2019-01-01,2022-06-01,1,covid,1595,1595,2,Missing year of birth,0,0
9,40;59,Male,365,2019-01-01,2022-06-01,1,covid,1595,1595,3,Missing sex,0,0
9,40;59,Male,365,2019-01-01,2022-06-01,1,covid,1595,1595,4,Cannot satisfy age criteria during the study period based on year of birth,0,0
9,40;59,Male,365,2019-01-01,2022-06-01,1,covid,1583,1583,5,No observation time available during study period,12,12
9,40;59,Male,365,2019-01-01,2022-06-01,1,covid,1583,1583,6,Doesn't satisfy age criteria during the study period,0,0
9,40;59,Male,365,2019-01-01,2022-06-01,1,covid,463,463,7,Prior history requirement not fulfilled during study period,1120,1120
9,40;59,Male,365,2019-01-01,2022-06-01,1,covid,219,219,8,Not Male,244,244
9,40;59,Male,365,2019-01-01,2022-06-01,1,covid,73,73,10,No observation time available after applying age and prior history criteria,146,146
10,60;79,Both,365,2019-01-01,2022-06-01,1,covid,1595,1595,1,Starting population,NA,NA
10,60;79,Both,365,2019-01-01,2022-06-01,1,covid,1595,1595,2,Missing year of birth,0,0
10,60;79,Both,365,2019-01-01,2022-06-01,1,covid,1595,1595,3,Missing sex,0,0
10,60;79,Both,365,2019-01-01,2022-06-01,1,covid,1595,1595,4,Cannot satisfy age criteria during the study period based on year of birth,0,0
10,60;79,Both,365,2019-01-01,2022-06-01,1,covid,1583,1583,5,No observation time available during study period,12,12
10,60;79,Both,365,2019-01-01,2022-06-01,1,covid,1583,1583,6,Doesn't satisfy age criteria during the study period,0,0
10,60;79,Both,365,2019-01-01,2022-06-01,1,covid,463,463,7,Prior history requirement not fulfilled during study period,1120,1120
10,60;79,Both,365,2019-01-01,2022-06-01,1,covid,125,125,10,No observation time available after applying age and prior history criteria,338,338
11,60;79,Female,365,2019-01-01,2022-06-01,1,covid,1595,1595,1,Starting population,NA,NA
11,60;79,Female,365,2019-01-01,2022-06-01,1,covid,1595,1595,2,Missing year of birth,0,0
11,60;79,Female,365,2019-01-01,2022-06-01,1,covid,1595,1595,3,Missing sex,0,0
11,60;79,Female,365,2019-01-01,2022-06-01,1,covid,1595,1595,4,Cannot satisfy age criteria during the study period based on year of birth,0,0
11,60;79,Female,365,2019-01-01,2022-06-01,1,covid,1583,1583,5,No observation time available during study period,12,12
11,60;79,Female,365,2019-01-01,2022-06-01,1,covid,1583,1583,6,Doesn't satisfy age criteria during the study period,0,0
11,60;79,Female,365,2019-01-01,2022-06-01,1,covid,463,463,7,Prior history requirement not fulfilled during study period,1120,1120
11,60;79,Female,365,2019-01-01,2022-06-01,1,covid,244,244,8,Not Female,219,219
11,60;79,Female,365,2019-01-01,2022-06-01,1,covid,61,61,10,No observation time available after applying age and prior history criteria,183,183
12,60;79,Male,365,2019-01-01,2022-06-01,1,covid,1595,1595,1,Starting population,NA,NA
12,60;79,Male,365,2019-01-01,2022-06-01,1,covid,1595,1595,2,Missing year of birth,0,0
12,60;79,Male,365,2019-01-01,2022-06-01,1,covid,1595,1595,3,Missing sex,0,0
12,60;79,Male,365,2019-01-01,2022-06-01,1,covid,1595,1595,4,Cannot satisfy age criteria during the study period based on year of birth,0,0
12,60;79,Male,365,2019-01-01,2022-06-01,1,covid,1583,1583,5,No observation time available during study period,12,12
12,60;79,Male,365,2019-01-01,2022-06-01,1,covid,1583,1583,6,Doesn't satisfy age criteria during the study period,0,0
12,60;79,Male,365,2019-01-01,2022-06-01,1,covid,463,463,7,Prior history requirement not fulfilled during study period,1120,1120
12,60;79,Male,365,2019-01-01,2022-06-01,1,covid,219,219,8,Not Male,244,244
12,60;79,Male,365,2019-01-01,2022-06-01,1,covid,64,64,10,No observation time available after applying age and prior history criteria,155,155
13,80;150,Both,365,2019-01-01,2022-06-01,1,covid,1595,1595,1,Starting population,NA,NA
13,80;150,Both,365,2019-01-01,2022-06-01,1,covid,1595,1595,2,Missing year of birth,0,0
13,80;150,Both,365,2019-01-01,2022-06-01,1,covid,1595,1595,3,Missing sex,0,0
13,80;150,Both,365,2019-01-01,2022-06-01,1,covid,1595,1595,4,Cannot satisfy age criteria during the study period based on year of birth,0,0
13,80;150,Both,365,2019-01-01,2022-06-01,1,covid,1583,1583,5,No observation time available during study period,12,12
13,80;150,Both,365,2019-01-01,2022-06-01,1,covid,1583,1583,6,Doesn't satisfy age criteria during the study period,0,0
13,80;150,Both,365,2019-01-01,2022-06-01,1,covid,463,463,7,Prior history requirement not fulfilled during study period,1120,1120
13,80;150,Both,365,2019-01-01,2022-06-01,1,covid,37,37,10,No observation time available after applying age and prior history criteria,426,426
14,80;150,Female,365,2019-01-01,2022-06-01,1,covid,1595,1595,1,Starting population,NA,NA
14,80;150,Female,365,2019-01-01,2022-06-01,1,covid,1595,1595,2,Missing year of birth,0,0
14,80;150,Female,365,2019-01-01,2022-06-01,1,covid,1595,1595,3,Missing sex,0,0
14,80;150,Female,365,2019-01-01,2022-06-01,1,covid,1595,1595,4,Cannot satisfy age criteria during the study period based on year of birth,0,0
14,80;150,Female,365,2019-01-01,2022-06-01,1,covid,1583,1583,5,No observation time available during study period,12,12
14,80;150,Female,365,2019-01-01,2022-06-01,1,covid,1583,1583,6,Doesn't satisfy age criteria during the study period,0,0
14,80;150,Female,365,2019-01-01,2022-06-01,1,covid,463,463,7,Prior history requirement not fulfilled during study period,1120,1120
14,80;150,Female,365,2019-01-01,2022-06-01,1,covid,244,244,8,Not Female,219,219
14,80;150,Female,365,2019-01-01,2022-06-01,1,covid,23,23,10,No observation time available after applying age and prior history criteria,221,221
15,80;150,Male,365,2019-01-01,2022-06-01,1,covid,1595,1595,1,Starting population,NA,NA
15,80;150,Male,365,2019-01-01,2022-06-01,1,covid,1595,1595,2,Missing year of birth,0,0
15,80;150,Male,365,2019-01-01,2022-06-01,1,covid,1595,1595,3,Missing sex,0,0
15,80;150,Male,365,2019-01-01,2022-06-01,1,covid,1595,1595,4,Cannot satisfy age criteria during the study period based on year of birth,0,0
15,80;150,Male,365,2019-01-01,2022-06-01,1,covid,1583,1583,5,No observation time available during study period,12,12
15,80;150,Male,365,2019-01-01,2022-06-01,1,covid,1583,1583,6,Doesn't satisfy age criteria during the study period,0,0
15,80;150,Male,365,2019-01-01,2022-06-01,1,covid,463,463,7,Prior history requirement not fulfilled during study period,1120,1120
15,80;150,Male,365,2019-01-01,2022-06-01,1,covid,219,219,8,Not Male,244,244
15,80;150,Male,365,2019-01-01,2022-06-01,1,covid,14,14,10,No observation time available after applying age and prior history criteria,205,205
16,0;150,Both,365,2019-01-01,2022-06-01,1,covid,1595,1595,1,Starting population,NA,NA
16,0;150,Both,365,2019-01-01,2022-06-01,1,covid,1595,1595,2,Missing year of birth,0,0
16,0;150,Both,365,2019-01-01,2022-06-01,1,covid,1595,1595,3,Missing sex,0,0
16,0;150,Both,365,2019-01-01,2022-06-01,1,covid,1595,1595,4,Cannot satisfy age criteria during the study period based on year of birth,0,0
16,0;150,Both,365,2019-01-01,2022-06-01,1,covid,1583,1583,5,No observation time available during study period,12,12
16,0;150,Both,365,2019-01-01,2022-06-01,1,covid,1583,1583,6,Doesn't satisfy age criteria during the study period,0,0
16,0;150,Both,365,2019-01-01,2022-06-01,1,covid,463,463,7,Prior history requirement not fulfilled during study period,1120,1120
16,0;150,Both,365,2019-01-01,2022-06-01,1,covid,463,463,10,No observation time available after applying age and prior history criteria,0,0
17,0;150,Female,365,2019-01-01,2022-06-01,1,covid,1595,1595,1,Starting population,NA,NA
17,0;150,Female,365,2019-01-01,2022-06-01,1,covid,1595,1595,2,Missing year of birth,0,0
17,0;150,Female,365,2019-01-01,2022-06-01,1,covid,1595,1595,3,Missing sex,0,0
17,0;150,Female,365,2019-01-01,2022-06-01,1,covid,1595,1595,4,Cannot satisfy age criteria during the study period based on year of birth,0,0
17,0;150,Female,365,2019-01-01,2022-06-01,1,covid,1583,1583,5,No observation time available during study period,12,12
17,0;150,Female,365,2019-01-01,2022-06-01,1,covid,1583,1583,6,Doesn't satisfy age criteria during the study period,0,0
17,0;150,Female,365,2019-01-01,2022-06-01,1,covid,463,463,7,Prior history requirement not fulfilled during study period,1120,1120
17,0;150,Female,365,2019-01-01,2022-06-01,1,covid,244,244,8,Not Female,219,219
17,0;150,Female,365,2019-01-01,2022-06-01,1,covid,244,244,10,No observation time available after applying age and prior history criteria,0,0
18,0;150,Male,365,2019-01-01,2022-06-01,1,covid,1595,1595,1,Starting population,NA,NA
18,0;150,Male,365,2019-01-01,2022-06-01,1,covid,1595,1595,2,Missing year of birth,0,0
18,0;150,Male,365,2019-01-01,2022-06-01,1,covid,1595,1595,3,Missing sex,0,0
18,0;150,Male,365,2019-01-01,2022-06-01,1,covid,1595,1595,4,Cannot satisfy age criteria during the study period based on year of birth,0,0
18,0;150,Male,365,2019-01-01,2022-06-01,1,covid,1583,1583,5,No observation time available during study period,12,12
18,0;150,Male,365,2019-01-01,2022-06-01,1,covid,1583,1583,6,Doesn't satisfy age criteria during the study period,0,0
18,0;150,Male,365,2019-01-01,2022-06-01,1,covid,463,463,7,Prior history requirement not fulfilled during study period,1120,1120
18,0;150,Male,365,2019-01-01,2022-06-01,1,covid,219,219,8,Not Male,244,244
18,0;150,Male,365,2019-01-01,2022-06-01,1,covid,219,219,10,No observation time available after applying age and prior history criteria,0,0
