cohort_definition_id,age_group,sex,days_prior_history,start_date,end_date,strata_cohort_definition_id,strata_cohort_name,number_records,number_subjects,reason_id,reason,excluded_records,excluded_subjects
1,0;19,Both,365,2019-01-01,2022-06-01,3,RA,720,720,1,Starting population,NA,NA
1,0;19,Both,365,2019-01-01,2022-06-01,3,RA,720,720,2,Missing year of birth,0,0
1,0;19,Both,365,2019-01-01,2022-06-01,3,RA,720,720,3,Missing sex,0,0
1,0;19,Both,365,2019-01-01,2022-06-01,3,RA,720,720,4,Cannot satisfy age criteria during the study period based on year of birth,0,0
1,0;19,Both,365,2019-01-01,2022-06-01,3,RA,506,506,5,No observation time available during study period,214,214
1,0;19,Both,365,2019-01-01,2022-06-01,3,RA,506,506,6,Doesn't satisfy age criteria during the study period,0,0
1,0;19,Both,365,2019-01-01,2022-06-01,3,RA,384,384,7,Prior history requirement not fulfilled during study period,122,122
1,0;19,Both,365,2019-01-01,2022-06-01,3,RA,3,3,10,No observation time available after applying age and prior history criteria,381,381
2,0;19,Female,365,2019-01-01,2022-06-01,3,RA,720,720,1,Starting population,NA,NA
2,0;19,Female,365,2019-01-01,2022-06-01,3,RA,720,720,2,Missing year of birth,0,0
2,0;19,Female,365,2019-01-01,2022-06-01,3,RA,720,720,3,Missing sex,0,0
2,0;19,Female,365,2019-01-01,2022-06-01,3,RA,720,720,4,Cannot satisfy age criteria during the study period based on year of birth,0,0
2,0;19,Female,365,2019-01-01,2022-06-01,3,RA,506,506,5,No observation time available during study period,214,214
2,0;19,Female,365,2019-01-01,2022-06-01,3,RA,506,506,6,Doesn't satisfy age criteria during the study period,0,0
2,0;19,Female,365,2019-01-01,2022-06-01,3,RA,384,384,7,Prior history requirement not fulfilled during study period,122,122
2,0;19,Female,365,2019-01-01,2022-06-01,3,RA,282,282,8,Not Female,102,102
2,0;19,Female,365,2019-01-01,2022-06-01,3,RA,3,3,10,No observation time available after applying age and prior history criteria,279,279
3,0;19,Male,365,2019-01-01,2022-06-01,3,RA,720,720,1,Starting population,NA,NA
3,0;19,Male,365,2019-01-01,2022-06-01,3,RA,720,720,2,Missing year of birth,0,0
3,0;19,Male,365,2019-01-01,2022-06-01,3,RA,720,720,3,Missing sex,0,0
3,0;19,Male,365,2019-01-01,2022-06-01,3,RA,720,720,4,Cannot satisfy age criteria during the study period based on year of birth,0,0
3,0;19,Male,365,2019-01-01,2022-06-01,3,RA,506,506,5,No observation time available during study period,214,214
3,0;19,Male,365,2019-01-01,2022-06-01,3,RA,506,506,6,Doesn't satisfy age criteria during the study period,0,0
3,0;19,Male,365,2019-01-01,2022-06-01,3,RA,384,384,7,Prior history requirement not fulfilled during study period,122,122
3,0;19,Male,365,2019-01-01,2022-06-01,3,RA,102,102,8,Not Male,282,282
3,0;19,Male,365,2019-01-01,2022-06-01,3,RA,0,0,10,No observation time available after applying age and prior history criteria,102,102
4,20;39,Both,365,2019-01-01,2022-06-01,3,RA,720,720,1,Starting population,NA,NA
4,20;39,Both,365,2019-01-01,2022-06-01,3,RA,720,720,2,Missing year of birth,0,0
4,20;39,Both,365,2019-01-01,2022-06-01,3,RA,720,720,3,Missing sex,0,0
4,20;39,Both,365,2019-01-01,2022-06-01,3,RA,720,720,4,Cannot satisfy age criteria during the study period based on year of birth,0,0
4,20;39,Both,365,2019-01-01,2022-06-01,3,RA,506,506,5,No observation time available during study period,214,214
4,20;39,Both,365,2019-01-01,2022-06-01,3,RA,506,506,6,Doesn't satisfy age criteria during the study period,0,0
4,20;39,Both,365,2019-01-01,2022-06-01,3,RA,384,384,7,Prior history requirement not fulfilled during study period,122,122
4,20;39,Both,365,2019-01-01,2022-06-01,3,RA,21,21,10,No observation time available after applying age and prior history criteria,363,363
5,20;39,Female,365,2019-01-01,2022-06-01,3,RA,720,720,1,Starting population,NA,NA
5,20;39,Female,365,2019-01-01,2022-06-01,3,RA,720,720,2,Missing year of birth,0,0
5,20;39,Female,365,2019-01-01,2022-06-01,3,RA,720,720,3,Missing sex,0,0
5,20;39,Female,365,2019-01-01,2022-06-01,3,RA,720,720,4,Cannot satisfy age criteria during the study period based on year of birth,0,0
5,20;39,Female,365,2019-01-01,2022-06-01,3,RA,506,506,5,No observation time available during study period,214,214
5,20;39,Female,365,2019-01-01,2022-06-01,3,RA,506,506,6,Doesn't satisfy age criteria during the study period,0,0
5,20;39,Female,365,2019-01-01,2022-06-01,3,RA,384,384,7,Prior history requirement not fulfilled during study period,122,122
5,20;39,Female,365,2019-01-01,2022-06-01,3,RA,282,282,8,Not Female,102,102
5,20;39,Female,365,2019-01-01,2022-06-01,3,RA,17,17,10,No observation time available after applying age and prior history criteria,265,265
6,20;39,Male,365,2019-01-01,2022-06-01,3,RA,720,720,1,Starting population,NA,NA
6,20;39,Male,365,2019-01-01,2022-06-01,3,RA,720,720,2,Missing year of birth,0,0
6,20;39,Male,365,2019-01-01,2022-06-01,3,RA,720,720,3,Missing sex,0,0
6,20;39,Male,365,2019-01-01,2022-06-01,3,RA,720,720,4,Cannot satisfy age criteria during the study period based on year of birth,0,0
6,20;39,Male,365,2019-01-01,2022-06-01,3,RA,506,506,5,No observation time available during study period,214,214
6,20;39,Male,365,2019-01-01,2022-06-01,3,RA,506,506,6,Doesn't satisfy age criteria during the study period,0,0
6,20;39,Male,365,2019-01-01,2022-06-01,3,RA,384,384,7,Prior history requirement not fulfilled during study period,122,122
6,20;39,Male,365,2019-01-01,2022-06-01,3,RA,102,102,8,Not Male,282,282
6,20;39,Male,365,2019-01-01,2022-06-01,3,RA,4,4,10,No observation time available after applying age and prior history criteria,98,98
7,40;59,Both,365,2019-01-01,2022-06-01,3,RA,720,720,1,Starting population,NA,NA
7,40;59,Both,365,2019-01-01,2022-06-01,3,RA,720,720,2,Missing year of birth,0,0
7,40;59,Both,365,2019-01-01,2022-06-01,3,RA,720,720,3,Missing sex,0,0
7,40;59,Both,365,2019-01-01,2022-06-01,3,RA,720,720,4,Cannot satisfy age criteria during the study period based on year of birth,0,0
7,40;59,Both,365,2019-01-01,2022-06-01,3,RA,506,506,5,No observation time available during study period,214,214
7,40;59,Both,365,2019-01-01,2022-06-01,3,RA,506,506,6,Doesn't satisfy age criteria during the study period,0,0
7,40;59,Both,365,2019-01-01,2022-06-01,3,RA,384,384,7,Prior history requirement not fulfilled during study period,122,122
7,40;59,Both,365,2019-01-01,2022-06-01,3,RA,97,97,10,No observation time available after applying age and prior history criteria,287,287
8,40;59,Female,365,2019-01-01,2022-06-01,3,RA,720,720,1,Starting population,NA,NA
8,40;59,Female,365,2019-01-01,2022-06-01,3,RA,720,720,2,Missing year of birth,0,0
8,40;59,Female,365,2019-01-01,2022-06-01,3,RA,720,720,3,Missing sex,0,0
8,40;59,Female,365,2019-01-01,2022-06-01,3,RA,720,720,4,Cannot satisfy age criteria during the study period based on year of birth,0,0
8,40;59,Female,365,2019-01-01,2022-06-01,3,RA,506,506,5,No observation time available during study period,214,214
8,40;59,Female,365,2019-01-01,2022-06-01,3,RA,506,506,6,Doesn't satisfy age criteria during the study period,0,0
8,40;59,Female,365,2019-01-01,2022-06-01,3,RA,384,384,7,Prior history requirement not fulfilled during study period,122,122
8,40;59,Female,365,2019-01-01,2022-06-01,3,RA,282,282,8,Not Female,102,102
8,40;59,Female,365,2019-01-01,2022-06-01,3,RA,74,74,10,No observation time available after applying age and prior history criteria,208,208
9,40;59,Male,365,2019-01-01,2022-06-01,3,RA,720,720,1,Starting population,NA,NA
9,40;59,Male,365,2019-01-01,2022-06-01,3,RA,720,720,2,Missing year of birth,0,0
9,40;59,Male,365,2019-01-01,2022-06-01,3,RA,720,720,3,Missing sex,0,0
9,40;59,Male,365,2019-01-01,2022-06-01,3,RA,720,720,4,Cannot satisfy age criteria during the study period based on year of birth,0,0
9,40;59,Male,365,2019-01-01,2022-06-01,3,RA,506,506,5,No observation time available during study period,214,214
9,40;59,Male,365,2019-01-01,2022-06-01,3,RA,506,506,6,Doesn't satisfy age criteria during the study period,0,0
9,40;59,Male,365,2019-01-01,2022-06-01,3,RA,384,384,7,Prior history requirement not fulfilled during study period,122,122
9,40;59,Male,365,2019-01-01,2022-06-01,3,RA,102,102,8,Not Male,282,282
9,40;59,Male,365,2019-01-01,2022-06-01,3,RA,23,23,10,No observation time available after applying age and prior history criteria,79,79
10,60;79,Both,365,2019-01-01,2022-06-01,3,RA,720,720,1,Starting population,NA,NA
10,60;79,Both,365,2019-01-01,2022-06-01,3,RA,720,720,2,Missing year of birth,0,0
10,60;79,Both,365,2019-01-01,2022-06-01,3,RA,720,720,3,Missing sex,0,0
10,60;79,Both,365,2019-01-01,2022-06-01,3,RA,720,720,4,Cannot satisfy age criteria during the study period based on year of birth,0,0
10,60;79,Both,365,2019-01-01,2022-06-01,3,RA,506,506,5,No observation time available during study period,214,214
10,60;79,Both,365,2019-01-01,2022-06-01,3,RA,506,506,6,Doesn't satisfy age criteria during the study period,0,0
10,60;79,Both,365,2019-01-01,2022-06-01,3,RA,384,384,7,Prior history requirement not fulfilled during study period,122,122
10,60;79,Both,365,2019-01-01,2022-06-01,3,RA,202,202,10,No observation time available after applying age and prior history criteria,182,182
11,60;79,Female,365,2019-01-01,2022-06-01,3,RA,720,720,1,Starting population,NA,NA
11,60;79,Female,365,2019-01-01,2022-06-01,3,RA,720,720,2,Missing year of birth,0,0
11,60;79,Female,365,2019-01-01,2022-06-01,3,RA,720,720,3,Missing sex,0,0
11,60;79,Female,365,2019-01-01,2022-06-01,3,RA,720,720,4,Cannot satisfy age criteria during the study period based on year of birth,0,0
11,60;79,Female,365,2019-01-01,2022-06-01,3,RA,506,506,5,No observation time available during study period,214,214
11,60;79,Female,365,2019-01-01,2022-06-01,3,RA,506,506,6,Doesn't satisfy age criteria during the study period,0,0
11,60;79,Female,365,2019-01-01,2022-06-01,3,RA,384,384,7,Prior history requirement not fulfilled during study period,122,122
11,60;79,Female,365,2019-01-01,2022-06-01,3,RA,282,282,8,Not Female,102,102
11,60;79,Female,365,2019-01-01,2022-06-01,3,RA,137,137,10,No observation time available after applying age and prior history criteria,145,145
12,60;79,Male,365,2019-01-01,2022-06-01,3,RA,720,720,1,Starting population,NA,NA
12,60;79,Male,365,2019-01-01,2022-06-01,3,RA,720,720,2,Missing year of birth,0,0
12,60;79,Male,365,2019-01-01,2022-06-01,3,RA,720,720,3,Missing sex,0,0
12,60;79,Male,365,2019-01-01,2022-06-01,3,RA,720,720,4,Cannot satisfy age criteria during the study period based on year of birth,0,0
12,60;79,Male,365,2019-01-01,2022-06-01,3,RA,506,506,5,No observation time available during study period,214,214
12,60;79,Male,365,2019-01-01,2022-06-01,3,RA,506,506,6,Doesn't satisfy age criteria during the study period,0,0
12,60;79,Male,365,2019-01-01,2022-06-01,3,RA,384,384,7,Prior history requirement not fulfilled during study period,122,122
12,60;79,Male,365,2019-01-01,2022-06-01,3,RA,102,102,8,Not Male,282,282
12,60;79,Male,365,2019-01-01,2022-06-01,3,RA,65,65,10,No observation time available after applying age and prior history criteria,37,37
13,80;150,Both,365,2019-01-01,2022-06-01,3,RA,720,720,1,Starting population,NA,NA
13,80;150,Both,365,2019-01-01,2022-06-01,3,RA,720,720,2,Missing year of birth,0,0
13,80;150,Both,365,2019-01-01,2022-06-01,3,RA,720,720,3,Missing sex,0,0
13,80;150,Both,365,2019-01-01,2022-06-01,3,RA,720,720,4,Cannot satisfy age criteria during the study period based on year of birth,0,0
13,80;150,Both,365,2019-01-01,2022-06-01,3,RA,506,506,5,No observation time available during study period,214,214
13,80;150,Both,365,2019-01-01,2022-06-01,3,RA,506,506,6,Doesn't satisfy age criteria during the study period,0,0
13,80;150,Both,365,2019-01-01,2022-06-01,3,RA,384,384,7,Prior history requirement not fulfilled during study period,122,122
13,80;150,Both,365,2019-01-01,2022-06-01,3,RA,94,94,10,No observation time available after applying age and prior history criteria,290,290
14,80;150,Female,365,2019-01-01,2022-06-01,3,RA,720,720,1,Starting population,NA,NA
14,80;150,Female,365,2019-01-01,2022-06-01,3,RA,720,720,2,Missing year of birth,0,0
14,80;150,Female,365,2019-01-01,2022-06-01,3,RA,720,720,3,Missing sex,0,0
14,80;150,Female,365,2019-01-01,2022-06-01,3,RA,720,720,4,Cannot satisfy age criteria during the study period based on year of birth,0,0
14,80;150,Female,365,2019-01-01,2022-06-01,3,RA,506,506,5,No observation time available during study period,214,214
14,80;150,Female,365,2019-01-01,2022-06-01,3,RA,506,506,6,Doesn't satisfy age criteria during the study period,0,0
14,80;150,Female,365,2019-01-01,2022-06-01,3,RA,384,384,7,Prior history requirement not fulfilled during study period,122,122
14,80;150,Female,365,2019-01-01,2022-06-01,3,RA,282,282,8,Not Female,102,102
14,80;150,Female,365,2019-01-01,2022-06-01,3,RA,72,72,10,No observation time available after applying age and prior history criteria,210,210
15,80;150,Male,365,2019-01-01,2022-06-01,3,RA,720,720,1,Starting population,NA,NA
15,80;150,Male,365,2019-01-01,2022-06-01,3,RA,720,720,2,Missing year of birth,0,0
15,80;150,Male,365,2019-01-01,2022-06-01,3,RA,720,720,3,Missing sex,0,0
15,80;150,Male,365,2019-01-01,2022-06-01,3,RA,720,720,4,Cannot satisfy age criteria during the study period based on year of birth,0,0
15,80;150,Male,365,2019-01-01,2022-06-01,3,RA,506,506,5,No observation time available during study period,214,214
15,80;150,Male,365,2019-01-01,2022-06-01,3,RA,506,506,6,Doesn't satisfy age criteria during the study period,0,0
15,80;150,Male,365,2019-01-01,2022-06-01,3,RA,384,384,7,Prior history requirement not fulfilled during study period,122,122
15,80;150,Male,365,2019-01-01,2022-06-01,3,RA,102,102,8,Not Male,282,282
15,80;150,Male,365,2019-01-01,2022-06-01,3,RA,22,22,10,No observation time available after applying age and prior history criteria,80,80
16,0;150,Both,365,2019-01-01,2022-06-01,3,RA,720,720,1,Starting population,NA,NA
16,0;150,Both,365,2019-01-01,2022-06-01,3,RA,720,720,2,Missing year of birth,0,0
16,0;150,Both,365,2019-01-01,2022-06-01,3,RA,720,720,3,Missing sex,0,0
16,0;150,Both,365,2019-01-01,2022-06-01,3,RA,720,720,4,Cannot satisfy age criteria during the study period based on year of birth,0,0
16,0;150,Both,365,2019-01-01,2022-06-01,3,RA,506,506,5,No observation time available during study period,214,214
16,0;150,Both,365,2019-01-01,2022-06-01,3,RA,506,506,6,Doesn't satisfy age criteria during the study period,0,0
16,0;150,Both,365,2019-01-01,2022-06-01,3,RA,384,384,7,Prior history requirement not fulfilled during study period,122,122
16,0;150,Both,365,2019-01-01,2022-06-01,3,RA,384,384,10,No observation time available after applying age and prior history criteria,0,0
17,0;150,Female,365,2019-01-01,2022-06-01,3,RA,720,720,1,Starting population,NA,NA
17,0;150,Female,365,2019-01-01,2022-06-01,3,RA,720,720,2,Missing year of birth,0,0
17,0;150,Female,365,2019-01-01,2022-06-01,3,RA,720,720,3,Missing sex,0,0
17,0;150,Female,365,2019-01-01,2022-06-01,3,RA,720,720,4,Cannot satisfy age criteria during the study period based on year of birth,0,0
17,0;150,Female,365,2019-01-01,2022-06-01,3,RA,506,506,5,No observation time available during study period,214,214
17,0;150,Female,365,2019-01-01,2022-06-01,3,RA,506,506,6,Doesn't satisfy age criteria during the study period,0,0
17,0;150,Female,365,2019-01-01,2022-06-01,3,RA,384,384,7,Prior history requirement not fulfilled during study period,122,122
17,0;150,Female,365,2019-01-01,2022-06-01,3,RA,282,282,8,Not Female,102,102
17,0;150,Female,365,2019-01-01,2022-06-01,3,RA,282,282,10,No observation time available after applying age and prior history criteria,0,0
18,0;150,Male,365,2019-01-01,2022-06-01,3,RA,720,720,1,Starting population,NA,NA
18,0;150,Male,365,2019-01-01,2022-06-01,3,RA,720,720,2,Missing year of birth,0,0
18,0;150,Male,365,2019-01-01,2022-06-01,3,RA,720,720,3,Missing sex,0,0
18,0;150,Male,365,2019-01-01,2022-06-01,3,RA,720,720,4,Cannot satisfy age criteria during the study period based on year of birth,0,0
18,0;150,Male,365,2019-01-01,2022-06-01,3,RA,506,506,5,No observation time available during study period,214,214
18,0;150,Male,365,2019-01-01,2022-06-01,3,RA,506,506,6,Doesn't satisfy age criteria during the study period,0,0
18,0;150,Male,365,2019-01-01,2022-06-01,3,RA,384,384,7,Prior history requirement not fulfilled during study period,122,122
18,0;150,Male,365,2019-01-01,2022-06-01,3,RA,102,102,8,Not Male,282,282
18,0;150,Male,365,2019-01-01,2022-06-01,3,RA,102,102,10,No observation time available after applying age and prior history criteria,0,0
