cohort_definition_id,summarise_mode,fixed_time,days_prior_history,gap_era,prior_use_washout,cohort_date_range_start,cohort_date_range_end,impute_duration,duration_range_min,duration_range_max,number_records,number_subjects,reason_id,reason,excluded_records,excluded_subjects
1,FirstEra,NA,365,30,365,2019-01-01,2022-06-01,eliminate,1,Inf,2983,343,1,Qualifying initial records,0,0
1,FirstEra,NA,365,30,365,2019-01-01,2022-06-01,eliminate,1,Inf,2983,343,2,Duration imputation; affected rows: 0,0,0
1,FirstEra,NA,365,30,365,2019-01-01,2022-06-01,eliminate,1,Inf,626,343,3,Join eras,2357,0
1,FirstEra,NA,365,30,365,2019-01-01,2022-06-01,eliminate,1,Inf,245,123,4,daysPriorHistory applied,381,220
1,FirstEra,NA,365,30,365,2019-01-01,2022-06-01,eliminate,1,Inf,127,123,5,priorUseWashout applied,118,0
1,FirstEra,NA,365,30,365,2019-01-01,2022-06-01,eliminate,1,Inf,97,97,6,cohort_start_date >= cohort_date_range_start,30,26
1,FirstEra,NA,365,30,365,2019-01-01,2022-06-01,eliminate,1,Inf,97,97,7,cohort_end_date <= cohort_date_range_end,0,0
1,FirstEra,NA,365,30,365,2019-01-01,2022-06-01,eliminate,1,Inf,97,97,8,summariseMode: FirstEra applied,0,0
