group_name,group_level,strata_name,strata_level,variable,variable_level,variable_type,estimate_type,estimate,cdm_name,generated_by
Cohort name,Ingredient: methotrexate (1305058),Calendar time,after,number subjects,NA,NA,count,40,PHARMETRICS,DrugUtilisation_0.2.0_summariseIndication
Cohort name,Ingredient: methotrexate (1305058),Calendar time,after,number records,NA,NA,count,40,PHARMETRICS,DrugUtilisation_0.2.0_summariseIndication
Cohort name,Ingredient: methotrexate (1305058),Calendar time,after,indication_gap_0_RA,NA,binary,count,0,PHARMETRICS,DrugUtilisation_0.2.0_summariseIndication
Cohort name,Ingredient: methotrexate (1305058),Calendar time,after,indication_gap_0_RA,NA,binary,%,0,PHARMETRICS,DrugUtilisation_0.2.0_summariseIndication
Cohort name,Ingredient: methotrexate (1305058),Calendar time,after,indication_gap_0_covid,NA,binary,count,0,PHARMETRICS,DrugUtilisation_0.2.0_summariseIndication
Cohort name,Ingredient: methotrexate (1305058),Calendar time,after,indication_gap_0_covid,NA,binary,%,0,PHARMETRICS,DrugUtilisation_0.2.0_summariseIndication
Cohort name,Ingredient: methotrexate (1305058),Calendar time,after,indication_gap_0_malaria,NA,binary,count,0,PHARMETRICS,DrugUtilisation_0.2.0_summariseIndication
Cohort name,Ingredient: methotrexate (1305058),Calendar time,after,indication_gap_0_malaria,NA,binary,%,0,PHARMETRICS,DrugUtilisation_0.2.0_summariseIndication
Cohort name,Ingredient: methotrexate (1305058),Calendar time,after,indication_gap_0_none,NA,binary,count,36,PHARMETRICS,DrugUtilisation_0.2.0_summariseIndication
Cohort name,Ingredient: methotrexate (1305058),Calendar time,after,indication_gap_0_none,NA,binary,%,90,PHARMETRICS,DrugUtilisation_0.2.0_summariseIndication
Cohort name,Ingredient: methotrexate (1305058),Calendar time,after,indication_gap_0_ra,NA,binary,count,4,PHARMETRICS,DrugUtilisation_0.2.0_summariseIndication
Cohort name,Ingredient: methotrexate (1305058),Calendar time,after,indication_gap_0_ra,NA,binary,%,10,PHARMETRICS,DrugUtilisation_0.2.0_summariseIndication
Cohort name,Ingredient: methotrexate (1305058),Calendar time,after,indication_gap_30_RA,NA,binary,count,0,PHARMETRICS,DrugUtilisation_0.2.0_summariseIndication
Cohort name,Ingredient: methotrexate (1305058),Calendar time,after,indication_gap_30_RA,NA,binary,%,0,PHARMETRICS,DrugUtilisation_0.2.0_summariseIndication
Cohort name,Ingredient: methotrexate (1305058),Calendar time,after,indication_gap_30_covid,NA,binary,count,0,PHARMETRICS,DrugUtilisation_0.2.0_summariseIndication
Cohort name,Ingredient: methotrexate (1305058),Calendar time,after,indication_gap_30_covid,NA,binary,%,0,PHARMETRICS,DrugUtilisation_0.2.0_summariseIndication
Cohort name,Ingredient: methotrexate (1305058),Calendar time,after,indication_gap_30_malaria,NA,binary,count,0,PHARMETRICS,DrugUtilisation_0.2.0_summariseIndication
Cohort name,Ingredient: methotrexate (1305058),Calendar time,after,indication_gap_30_malaria,NA,binary,%,0,PHARMETRICS,DrugUtilisation_0.2.0_summariseIndication
Cohort name,Ingredient: methotrexate (1305058),Calendar time,after,indication_gap_30_none,NA,binary,count,34,PHARMETRICS,DrugUtilisation_0.2.0_summariseIndication
Cohort name,Ingredient: methotrexate (1305058),Calendar time,after,indication_gap_30_none,NA,binary,%,85,PHARMETRICS,DrugUtilisation_0.2.0_summariseIndication
Cohort name,Ingredient: methotrexate (1305058),Calendar time,after,indication_gap_30_ra,NA,binary,count,6,PHARMETRICS,DrugUtilisation_0.2.0_summariseIndication
Cohort name,Ingredient: methotrexate (1305058),Calendar time,after,indication_gap_30_ra,NA,binary,%,15,PHARMETRICS,DrugUtilisation_0.2.0_summariseIndication
Cohort name,Ingredient: methotrexate (1305058),Calendar time,after,indication_gap_7_RA,NA,binary,count,0,PHARMETRICS,DrugUtilisation_0.2.0_summariseIndication
Cohort name,Ingredient: methotrexate (1305058),Calendar time,after,indication_gap_7_RA,NA,binary,%,0,PHARMETRICS,DrugUtilisation_0.2.0_summariseIndication
Cohort name,Ingredient: methotrexate (1305058),Calendar time,after,indication_gap_7_covid,NA,binary,count,0,PHARMETRICS,DrugUtilisation_0.2.0_summariseIndication
Cohort name,Ingredient: methotrexate (1305058),Calendar time,after,indication_gap_7_covid,NA,binary,%,0,PHARMETRICS,DrugUtilisation_0.2.0_summariseIndication
Cohort name,Ingredient: methotrexate (1305058),Calendar time,after,indication_gap_7_malaria,NA,binary,count,0,PHARMETRICS,DrugUtilisation_0.2.0_summariseIndication
Cohort name,Ingredient: methotrexate (1305058),Calendar time,after,indication_gap_7_malaria,NA,binary,%,0,PHARMETRICS,DrugUtilisation_0.2.0_summariseIndication
Cohort name,Ingredient: methotrexate (1305058),Calendar time,after,indication_gap_7_none,NA,binary,count,35,PHARMETRICS,DrugUtilisation_0.2.0_summariseIndication
Cohort name,Ingredient: methotrexate (1305058),Calendar time,after,indication_gap_7_none,NA,binary,%,87.5,PHARMETRICS,DrugUtilisation_0.2.0_summariseIndication
Cohort name,Ingredient: methotrexate (1305058),Calendar time,after,indication_gap_7_ra,NA,binary,count,5,PHARMETRICS,DrugUtilisation_0.2.0_summariseIndication
Cohort name,Ingredient: methotrexate (1305058),Calendar time,after,indication_gap_7_ra,NA,binary,%,12.5,PHARMETRICS,DrugUtilisation_0.2.0_summariseIndication
Cohort name,Ingredient: methotrexate (1305058),Calendar time,before,number subjects,NA,NA,count,51,PHARMETRICS,DrugUtilisation_0.2.0_summariseIndication
Cohort name,Ingredient: methotrexate (1305058),Calendar time,before,number records,NA,NA,count,51,PHARMETRICS,DrugUtilisation_0.2.0_summariseIndication
Cohort name,Ingredient: methotrexate (1305058),Calendar time,before,indication_gap_0_RA,NA,binary,count,0,PHARMETRICS,DrugUtilisation_0.2.0_summariseIndication
Cohort name,Ingredient: methotrexate (1305058),Calendar time,before,indication_gap_0_RA,NA,binary,%,0,PHARMETRICS,DrugUtilisation_0.2.0_summariseIndication
Cohort name,Ingredient: methotrexate (1305058),Calendar time,before,indication_gap_0_covid,NA,binary,count,0,PHARMETRICS,DrugUtilisation_0.2.0_summariseIndication
Cohort name,Ingredient: methotrexate (1305058),Calendar time,before,indication_gap_0_covid,NA,binary,%,0,PHARMETRICS,DrugUtilisation_0.2.0_summariseIndication
Cohort name,Ingredient: methotrexate (1305058),Calendar time,before,indication_gap_0_malaria,NA,binary,count,0,PHARMETRICS,DrugUtilisation_0.2.0_summariseIndication
Cohort name,Ingredient: methotrexate (1305058),Calendar time,before,indication_gap_0_malaria,NA,binary,%,0,PHARMETRICS,DrugUtilisation_0.2.0_summariseIndication
Cohort name,Ingredient: methotrexate (1305058),Calendar time,before,indication_gap_0_none,NA,binary,count,48,PHARMETRICS,DrugUtilisation_0.2.0_summariseIndication
Cohort name,Ingredient: methotrexate (1305058),Calendar time,before,indication_gap_0_none,NA,binary,%,94.1176470588235,PHARMETRICS,DrugUtilisation_0.2.0_summariseIndication
Cohort name,Ingredient: methotrexate (1305058),Calendar time,before,indication_gap_0_ra,NA,binary,count,3,PHARMETRICS,DrugUtilisation_0.2.0_summariseIndication
Cohort name,Ingredient: methotrexate (1305058),Calendar time,before,indication_gap_0_ra,NA,binary,%,5.88235294117647,PHARMETRICS,DrugUtilisation_0.2.0_summariseIndication
Cohort name,Ingredient: methotrexate (1305058),Calendar time,before,indication_gap_30_RA,NA,binary,count,0,PHARMETRICS,DrugUtilisation_0.2.0_summariseIndication
Cohort name,Ingredient: methotrexate (1305058),Calendar time,before,indication_gap_30_RA,NA,binary,%,0,PHARMETRICS,DrugUtilisation_0.2.0_summariseIndication
Cohort name,Ingredient: methotrexate (1305058),Calendar time,before,indication_gap_30_covid,NA,binary,count,0,PHARMETRICS,DrugUtilisation_0.2.0_summariseIndication
Cohort name,Ingredient: methotrexate (1305058),Calendar time,before,indication_gap_30_covid,NA,binary,%,0,PHARMETRICS,DrugUtilisation_0.2.0_summariseIndication
Cohort name,Ingredient: methotrexate (1305058),Calendar time,before,indication_gap_30_malaria,NA,binary,count,0,PHARMETRICS,DrugUtilisation_0.2.0_summariseIndication
Cohort name,Ingredient: methotrexate (1305058),Calendar time,before,indication_gap_30_malaria,NA,binary,%,0,PHARMETRICS,DrugUtilisation_0.2.0_summariseIndication
Cohort name,Ingredient: methotrexate (1305058),Calendar time,before,indication_gap_30_none,NA,binary,count,48,PHARMETRICS,DrugUtilisation_0.2.0_summariseIndication
Cohort name,Ingredient: methotrexate (1305058),Calendar time,before,indication_gap_30_none,NA,binary,%,94.1176470588235,PHARMETRICS,DrugUtilisation_0.2.0_summariseIndication
Cohort name,Ingredient: methotrexate (1305058),Calendar time,before,indication_gap_30_ra,NA,binary,count,3,PHARMETRICS,DrugUtilisation_0.2.0_summariseIndication
Cohort name,Ingredient: methotrexate (1305058),Calendar time,before,indication_gap_30_ra,NA,binary,%,5.88235294117647,PHARMETRICS,DrugUtilisation_0.2.0_summariseIndication
Cohort name,Ingredient: methotrexate (1305058),Calendar time,before,indication_gap_7_RA,NA,binary,count,0,PHARMETRICS,DrugUtilisation_0.2.0_summariseIndication
Cohort name,Ingredient: methotrexate (1305058),Calendar time,before,indication_gap_7_RA,NA,binary,%,0,PHARMETRICS,DrugUtilisation_0.2.0_summariseIndication
Cohort name,Ingredient: methotrexate (1305058),Calendar time,before,indication_gap_7_covid,NA,binary,count,0,PHARMETRICS,DrugUtilisation_0.2.0_summariseIndication
Cohort name,Ingredient: methotrexate (1305058),Calendar time,before,indication_gap_7_covid,NA,binary,%,0,PHARMETRICS,DrugUtilisation_0.2.0_summariseIndication
Cohort name,Ingredient: methotrexate (1305058),Calendar time,before,indication_gap_7_malaria,NA,binary,count,0,PHARMETRICS,DrugUtilisation_0.2.0_summariseIndication
Cohort name,Ingredient: methotrexate (1305058),Calendar time,before,indication_gap_7_malaria,NA,binary,%,0,PHARMETRICS,DrugUtilisation_0.2.0_summariseIndication
Cohort name,Ingredient: methotrexate (1305058),Calendar time,before,indication_gap_7_none,NA,binary,count,48,PHARMETRICS,DrugUtilisation_0.2.0_summariseIndication
Cohort name,Ingredient: methotrexate (1305058),Calendar time,before,indication_gap_7_none,NA,binary,%,94.1176470588235,PHARMETRICS,DrugUtilisation_0.2.0_summariseIndication
Cohort name,Ingredient: methotrexate (1305058),Calendar time,before,indication_gap_7_ra,NA,binary,count,3,PHARMETRICS,DrugUtilisation_0.2.0_summariseIndication
Cohort name,Ingredient: methotrexate (1305058),Calendar time,before,indication_gap_7_ra,NA,binary,%,5.88235294117647,PHARMETRICS,DrugUtilisation_0.2.0_summariseIndication
Cohort name,Ingredient: methotrexate (1305058),Calendar time,during,number subjects,NA,NA,count,6,PHARMETRICS,DrugUtilisation_0.2.0_summariseIndication
Cohort name,Ingredient: methotrexate (1305058),Calendar time,during,number records,NA,NA,count,6,PHARMETRICS,DrugUtilisation_0.2.0_summariseIndication
Cohort name,Ingredient: methotrexate (1305058),Calendar time,during,indication_gap_0_RA,NA,binary,count,0,PHARMETRICS,DrugUtilisation_0.2.0_summariseIndication
Cohort name,Ingredient: methotrexate (1305058),Calendar time,during,indication_gap_0_RA,NA,binary,%,0,PHARMETRICS,DrugUtilisation_0.2.0_summariseIndication
Cohort name,Ingredient: methotrexate (1305058),Calendar time,during,indication_gap_0_covid,NA,binary,count,0,PHARMETRICS,DrugUtilisation_0.2.0_summariseIndication
Cohort name,Ingredient: methotrexate (1305058),Calendar time,during,indication_gap_0_covid,NA,binary,%,0,PHARMETRICS,DrugUtilisation_0.2.0_summariseIndication
Cohort name,Ingredient: methotrexate (1305058),Calendar time,during,indication_gap_0_malaria,NA,binary,count,0,PHARMETRICS,DrugUtilisation_0.2.0_summariseIndication
Cohort name,Ingredient: methotrexate (1305058),Calendar time,during,indication_gap_0_malaria,NA,binary,%,0,PHARMETRICS,DrugUtilisation_0.2.0_summariseIndication
Cohort name,Ingredient: methotrexate (1305058),Calendar time,during,indication_gap_0_none,NA,binary,count,6,PHARMETRICS,DrugUtilisation_0.2.0_summariseIndication
Cohort name,Ingredient: methotrexate (1305058),Calendar time,during,indication_gap_0_none,NA,binary,%,100,PHARMETRICS,DrugUtilisation_0.2.0_summariseIndication
Cohort name,Ingredient: methotrexate (1305058),Calendar time,during,indication_gap_0_ra,NA,binary,count,0,PHARMETRICS,DrugUtilisation_0.2.0_summariseIndication
Cohort name,Ingredient: methotrexate (1305058),Calendar time,during,indication_gap_0_ra,NA,binary,%,0,PHARMETRICS,DrugUtilisation_0.2.0_summariseIndication
Cohort name,Ingredient: methotrexate (1305058),Calendar time,during,indication_gap_30_RA,NA,binary,count,0,PHARMETRICS,DrugUtilisation_0.2.0_summariseIndication
Cohort name,Ingredient: methotrexate (1305058),Calendar time,during,indication_gap_30_RA,NA,binary,%,0,PHARMETRICS,DrugUtilisation_0.2.0_summariseIndication
Cohort name,Ingredient: methotrexate (1305058),Calendar time,during,indication_gap_30_covid,NA,binary,count,0,PHARMETRICS,DrugUtilisation_0.2.0_summariseIndication
Cohort name,Ingredient: methotrexate (1305058),Calendar time,during,indication_gap_30_covid,NA,binary,%,0,PHARMETRICS,DrugUtilisation_0.2.0_summariseIndication
Cohort name,Ingredient: methotrexate (1305058),Calendar time,during,indication_gap_30_malaria,NA,binary,count,0,PHARMETRICS,DrugUtilisation_0.2.0_summariseIndication
Cohort name,Ingredient: methotrexate (1305058),Calendar time,during,indication_gap_30_malaria,NA,binary,%,0,PHARMETRICS,DrugUtilisation_0.2.0_summariseIndication
Cohort name,Ingredient: methotrexate (1305058),Calendar time,during,indication_gap_30_none,NA,binary,count,6,PHARMETRICS,DrugUtilisation_0.2.0_summariseIndication
Cohort name,Ingredient: methotrexate (1305058),Calendar time,during,indication_gap_30_none,NA,binary,%,100,PHARMETRICS,DrugUtilisation_0.2.0_summariseIndication
Cohort name,Ingredient: methotrexate (1305058),Calendar time,during,indication_gap_30_ra,NA,binary,count,0,PHARMETRICS,DrugUtilisation_0.2.0_summariseIndication
Cohort name,Ingredient: methotrexate (1305058),Calendar time,during,indication_gap_30_ra,NA,binary,%,0,PHARMETRICS,DrugUtilisation_0.2.0_summariseIndication
Cohort name,Ingredient: methotrexate (1305058),Calendar time,during,indication_gap_7_RA,NA,binary,count,0,PHARMETRICS,DrugUtilisation_0.2.0_summariseIndication
Cohort name,Ingredient: methotrexate (1305058),Calendar time,during,indication_gap_7_RA,NA,binary,%,0,PHARMETRICS,DrugUtilisation_0.2.0_summariseIndication
Cohort name,Ingredient: methotrexate (1305058),Calendar time,during,indication_gap_7_covid,NA,binary,count,0,PHARMETRICS,DrugUtilisation_0.2.0_summariseIndication
Cohort name,Ingredient: methotrexate (1305058),Calendar time,during,indication_gap_7_covid,NA,binary,%,0,PHARMETRICS,DrugUtilisation_0.2.0_summariseIndication
Cohort name,Ingredient: methotrexate (1305058),Calendar time,during,indication_gap_7_malaria,NA,binary,count,0,PHARMETRICS,DrugUtilisation_0.2.0_summariseIndication
Cohort name,Ingredient: methotrexate (1305058),Calendar time,during,indication_gap_7_malaria,NA,binary,%,0,PHARMETRICS,DrugUtilisation_0.2.0_summariseIndication
Cohort name,Ingredient: methotrexate (1305058),Calendar time,during,indication_gap_7_none,NA,binary,count,6,PHARMETRICS,DrugUtilisation_0.2.0_summariseIndication
Cohort name,Ingredient: methotrexate (1305058),Calendar time,during,indication_gap_7_none,NA,binary,%,100,PHARMETRICS,DrugUtilisation_0.2.0_summariseIndication
Cohort name,Ingredient: methotrexate (1305058),Calendar time,during,indication_gap_7_ra,NA,binary,count,0,PHARMETRICS,DrugUtilisation_0.2.0_summariseIndication
Cohort name,Ingredient: methotrexate (1305058),Calendar time,during,indication_gap_7_ra,NA,binary,%,0,PHARMETRICS,DrugUtilisation_0.2.0_summariseIndication
Cohort name,Ingredient: methotrexate (1305058),Overall,Overall,number subjects,NA,NA,count,97,PHARMETRICS,DrugUtilisation_0.2.0_summariseIndication
Cohort name,Ingredient: methotrexate (1305058),Overall,Overall,number records,NA,NA,count,97,PHARMETRICS,DrugUtilisation_0.2.0_summariseIndication
Cohort name,Ingredient: methotrexate (1305058),Overall,Overall,indication_gap_0_RA,NA,binary,count,0,PHARMETRICS,DrugUtilisation_0.2.0_summariseIndication
Cohort name,Ingredient: methotrexate (1305058),Overall,Overall,indication_gap_0_RA,NA,binary,%,0,PHARMETRICS,DrugUtilisation_0.2.0_summariseIndication
Cohort name,Ingredient: methotrexate (1305058),Overall,Overall,indication_gap_0_covid,NA,binary,count,0,PHARMETRICS,DrugUtilisation_0.2.0_summariseIndication
Cohort name,Ingredient: methotrexate (1305058),Overall,Overall,indication_gap_0_covid,NA,binary,%,0,PHARMETRICS,DrugUtilisation_0.2.0_summariseIndication
Cohort name,Ingredient: methotrexate (1305058),Overall,Overall,indication_gap_0_malaria,NA,binary,count,0,PHARMETRICS,DrugUtilisation_0.2.0_summariseIndication
Cohort name,Ingredient: methotrexate (1305058),Overall,Overall,indication_gap_0_malaria,NA,binary,%,0,PHARMETRICS,DrugUtilisation_0.2.0_summariseIndication
Cohort name,Ingredient: methotrexate (1305058),Overall,Overall,indication_gap_0_none,NA,binary,count,90,PHARMETRICS,DrugUtilisation_0.2.0_summariseIndication
Cohort name,Ingredient: methotrexate (1305058),Overall,Overall,indication_gap_0_none,NA,binary,%,92.7835051546392,PHARMETRICS,DrugUtilisation_0.2.0_summariseIndication
Cohort name,Ingredient: methotrexate (1305058),Overall,Overall,indication_gap_0_ra,NA,binary,count,7,PHARMETRICS,DrugUtilisation_0.2.0_summariseIndication
Cohort name,Ingredient: methotrexate (1305058),Overall,Overall,indication_gap_0_ra,NA,binary,%,7.21649484536082,PHARMETRICS,DrugUtilisation_0.2.0_summariseIndication
Cohort name,Ingredient: methotrexate (1305058),Overall,Overall,indication_gap_30_RA,NA,binary,count,0,PHARMETRICS,DrugUtilisation_0.2.0_summariseIndication
Cohort name,Ingredient: methotrexate (1305058),Overall,Overall,indication_gap_30_RA,NA,binary,%,0,PHARMETRICS,DrugUtilisation_0.2.0_summariseIndication
Cohort name,Ingredient: methotrexate (1305058),Overall,Overall,indication_gap_30_covid,NA,binary,count,0,PHARMETRICS,DrugUtilisation_0.2.0_summariseIndication
Cohort name,Ingredient: methotrexate (1305058),Overall,Overall,indication_gap_30_covid,NA,binary,%,0,PHARMETRICS,DrugUtilisation_0.2.0_summariseIndication
Cohort name,Ingredient: methotrexate (1305058),Overall,Overall,indication_gap_30_malaria,NA,binary,count,0,PHARMETRICS,DrugUtilisation_0.2.0_summariseIndication
Cohort name,Ingredient: methotrexate (1305058),Overall,Overall,indication_gap_30_malaria,NA,binary,%,0,PHARMETRICS,DrugUtilisation_0.2.0_summariseIndication
Cohort name,Ingredient: methotrexate (1305058),Overall,Overall,indication_gap_30_none,NA,binary,count,88,PHARMETRICS,DrugUtilisation_0.2.0_summariseIndication
Cohort name,Ingredient: methotrexate (1305058),Overall,Overall,indication_gap_30_none,NA,binary,%,90.7216494845361,PHARMETRICS,DrugUtilisation_0.2.0_summariseIndication
Cohort name,Ingredient: methotrexate (1305058),Overall,Overall,indication_gap_30_ra,NA,binary,count,9,PHARMETRICS,DrugUtilisation_0.2.0_summariseIndication
Cohort name,Ingredient: methotrexate (1305058),Overall,Overall,indication_gap_30_ra,NA,binary,%,9.27835051546392,PHARMETRICS,DrugUtilisation_0.2.0_summariseIndication
Cohort name,Ingredient: methotrexate (1305058),Overall,Overall,indication_gap_7_RA,NA,binary,count,0,PHARMETRICS,DrugUtilisation_0.2.0_summariseIndication
Cohort name,Ingredient: methotrexate (1305058),Overall,Overall,indication_gap_7_RA,NA,binary,%,0,PHARMETRICS,DrugUtilisation_0.2.0_summariseIndication
Cohort name,Ingredient: methotrexate (1305058),Overall,Overall,indication_gap_7_covid,NA,binary,count,0,PHARMETRICS,DrugUtilisation_0.2.0_summariseIndication
Cohort name,Ingredient: methotrexate (1305058),Overall,Overall,indication_gap_7_covid,NA,binary,%,0,PHARMETRICS,DrugUtilisation_0.2.0_summariseIndication
Cohort name,Ingredient: methotrexate (1305058),Overall,Overall,indication_gap_7_malaria,NA,binary,count,0,PHARMETRICS,DrugUtilisation_0.2.0_summariseIndication
Cohort name,Ingredient: methotrexate (1305058),Overall,Overall,indication_gap_7_malaria,NA,binary,%,0,PHARMETRICS,DrugUtilisation_0.2.0_summariseIndication
Cohort name,Ingredient: methotrexate (1305058),Overall,Overall,indication_gap_7_none,NA,binary,count,89,PHARMETRICS,DrugUtilisation_0.2.0_summariseIndication
Cohort name,Ingredient: methotrexate (1305058),Overall,Overall,indication_gap_7_none,NA,binary,%,91.7525773195876,PHARMETRICS,DrugUtilisation_0.2.0_summariseIndication
Cohort name,Ingredient: methotrexate (1305058),Overall,Overall,indication_gap_7_ra,NA,binary,count,8,PHARMETRICS,DrugUtilisation_0.2.0_summariseIndication
Cohort name,Ingredient: methotrexate (1305058),Overall,Overall,indication_gap_7_ra,NA,binary,%,8.24742268041237,PHARMETRICS,DrugUtilisation_0.2.0_summariseIndication
